user_id,project_id
7,1
12,1
6,2
2,3
4,3
8,3
11,3
12,3
13,3
17,3
21,3
25,3
26,3
28,3
34,3
35,3
37,3
40,3
65,3
78,3
134,3
185,3
194,3
209,3
292,3
2,4
3,4
4,4
5,4
6,4
7,4
8,4
9,4
10,4
11,4
12,4
13,4
16,4
17,4
21,4
23,4
25,4
26,4
27,4
28,4
29,4
30,4
31,4
32,4
33,4
34,4
35,4
36,4
37,4
38,4
40,4
41,4
42,4
43,4
44,4
49,4
50,4
52,4
53,4
54,4
58,4
62,4
63,4
64,4
65,4
66,4
67,4
68,4
69,4
71,4
72,4
73,4
78,4
79,4
80,4
81,4
83,4
84,4
85,4
86,4
87,4
89,4
90,4
91,4
93,4
94,4
95,4
97,4
98,4
99,4
100,4
101,4
102,4
103,4
104,4
105,4
106,4
117,4
119,4
120,4
122,4
124,4
125,4
126,4
127,4
128,4
129,4
130,4
131,4
132,4
133,4
134,4
135,4
136,4
137,4
138,4
139,4
140,4
141,4
142,4
143,4
144,4
145,4
146,4
147,4
148,4
150,4
151,4
153,4
154,4
155,4
156,4
157,4
160,4
161,4
162,4
163,4
166,4
167,4
168,4
169,4
171,4
173,4
174,4
175,4
176,4
177,4
178,4
179,4
180,4
181,4
182,4
183,4
184,4
185,4
186,4
187,4
188,4
189,4
191,4
192,4
193,4
194,4
196,4
199,4
200,4
201,4
202,4
203,4
204,4
205,4
206,4
207,4
209,4
210,4
211,4
212,4
213,4
214,4
215,4
216,4
217,4
218,4
219,4
220,4
221,4
222,4
223,4
224,4
225,4
226,4
227,4
228,4
229,4
230,4
231,4
232,4
233,4
234,4
235,4
236,4
237,4
238,4
239,4
240,4
241,4
242,4
244,4
245,4
246,4
247,4
249,4
250,4
251,4
252,4
253,4
254,4
255,4
256,4
257,4
258,4
259,4
260,4
262,4
263,4
264,4
265,4
266,4
267,4
268,4
269,4
270,4
271,4
272,4
273,4
274,4
275,4
276,4
277,4
278,4
279,4
280,4
281,4
282,4
283,4
284,4
285,4
286,4
287,4
288,4
289,4
290,4
291,4
292,4
293,4
294,4
295,4
296,4
297,4
298,4
299,4
300,4
301,4
302,4
303,4
304,4
305,4
306,4
307,4
308,4
309,4
310,4
311,4
313,4
314,4
315,4
316,4
317,4
318,4
319,4
320,4
321,4
322,4
323,4
324,4
325,4
326,4
327,4
328,4
329,4
330,4
331,4
332,4
333,4
334,4
335,4
336,4
3,5
8,5
10,5
12,5
13,5
16,5
25,5
26,5
28,5
30,5
32,5
34,5
41,5
44,5
49,5
50,5
52,5
53,5
54,5
63,5
65,5
67,5
68,5
69,5
72,5
78,5
80,5
83,5
84,5
85,5
86,5
87,5
89,5
93,5
95,5
99,5
102,5
103,5
105,5
117,5
119,5
120,5
122,5
124,5
133,5
134,5
135,5
136,5
138,5
141,5
143,5
144,5
146,5
150,5
151,5
153,5
154,5
156,5
163,5
167,5
183,5
191,5
209,5
214,5
215,5
224,5
235,5
237,5
259,5
278,5
6,6
6,7
4,8
32,8
5,9
8,9
12,9
20,9
23,9
13,10
7,11
8,11
12,11
13,11
14,11
15,11
18,11
19,11
20,11
23,11
24,11
12,12
1,16
2,16
4,16
8,16
10,16
13,16
26,16
32,16
36,16
37,16
38,16
11,18
1,19
2,19
4,19
10,19
13,19
26,19
32,19
36,19
42,19
59,19
60,19
61,19
75,19
77,19
98,19
123,19
130,19
133,19
139,19
140,19
142,19
145,19
147,19
1,20
2,20
4,20
10,20
13,20
19,20
20,20
26,20
32,20
34,20
36,20
58,20
17,22
17,23
16,24
17,24
26,24
37,24
10,25
53,25
78,25
105,25
214,25
215,25
13,26
1,29
2,29
4,29
8,29
10,29
13,29
24,29
26,29
28,29
31,29
32,29
34,29
35,29
36,29
38,29
42,29
49,29
50,29
52,29
64,29
65,29
78,29
79,29
209,29
235,29
335,29
4,30
31,32
1,33
2,33
4,33
10,33
13,33
26,33
32,33
36,33
42,33
59,33
60,33
61,33
75,33
77,33
98,33
123,33
130,33
133,33
139,33
140,33
142,33
147,33
2,34
4,34
17,34
26,34
29,34
30,34
35,34
10,35
27,35
29,35
30,35
34,35
35,35
37,35
38,35
42,35
43,35
44,35
49,35
52,35
58,35
71,35
17,36
11,37
1,38
2,38
4,38
8,38
10,38
13,38
16,38
17,38
21,38
25,38
26,38
28,38
32,38
34,38
35,38
36,38
37,38
40,38
42,38
49,38
50,38
52,38
53,38
54,38
59,38
60,38
61,38
65,38
70,38
73,38
74,38
78,38
137,38
141,38
194,38
209,38
322,38
4,45
11,45
16,45
26,45
30,45
32,45
37,45
8,46
10,48
29,49
25,50
26,51
32,51
26,52
1,53
2,53
4,53
10,53
13,53
16,53
26,53
31,53
32,53
36,53
42,53
59,53
60,53
61,53
75,53
77,53
98,53
123,53
130,53
133,53
139,53
140,53
142,53
147,53
32,54
36,54
37,54
1,55
2,55
4,55
10,55
13,55
26,55
32,55
36,55
37,55
29,56
37,56
38,56
1,58
2,58
4,58
10,58
13,58
26,58
32,58
36,58
39,58
42,58
59,58
60,58
61,58
75,58
77,58
98,58
123,58
130,58
133,58
139,58
140,58
142,58
145,58
147,58
29,59
1,61
2,61
4,61
10,61
13,61
16,61
26,61
32,61
34,61
36,61
37,61
39,61
50,61
52,61
54,61
1,62
2,62
4,62
10,62
13,62
16,62
26,62
32,62
36,62
1,63
2,63
4,63
10,63
13,63
26,63
32,63
36,63
40,63
29,64
34,64
1,66
2,66
4,66
10,66
13,66
26,66
32,66
36,66
39,66
40,66
43,67
1,68
2,68
4,68
10,68
13,68
26,68
32,68
36,68
40,68
1,69
2,69
4,69
10,69
13,69
26,69
32,69
36,69
1,70
2,70
4,70
10,70
13,70
26,70
32,70
36,70
44,70
45,70
46,70
47,70
48,70
1,71
2,71
4,71
10,71
13,71
26,71
32,71
36,71
1,73
2,73
4,73
10,73
13,73
26,73
32,73
36,73
40,73
1,74
2,74
4,74
10,74
13,74
26,74
32,74
36,74
45,74
1,75
2,75
4,75
10,75
13,75
26,75
32,75
36,75
1,76
2,76
4,76
10,76
13,76
26,76
32,76
36,76
50,76
52,76
1,77
2,77
4,77
10,77
13,77
26,77
32,77
36,77
30,78
54,78
1,79
2,79
4,79
10,79
13,79
16,79
26,79
32,79
36,79
50,79
52,79
54,79
55,79
1,80
2,80
4,80
10,80
13,80
26,80
32,80
36,80
50,80
52,80
54,80
55,80
1,81
2,81
4,81
10,81
13,81
16,81
26,81
30,81
32,81
36,81
40,81
50,81
52,81
54,81
55,81
1,82
2,82
4,82
10,82
13,82
26,82
32,82
36,82
55,82
134,82
1,83
2,83
4,83
10,83
13,83
14,83
16,83
26,83
32,83
36,83
54,83
55,83
56,83
57,83
1,85
2,85
4,85
10,85
13,85
26,85
32,85
36,85
59,85
73,85
1,86
2,86
4,86
10,86
13,86
26,86
32,86
36,86
50,86
59,86
1,88
2,88
4,88
10,88
13,88
26,88
32,88
36,88
45,88
46,88
48,88
59,88
60,88
1,89
2,89
4,89
10,89
13,89
26,89
32,89
36,89
40,89
45,89
48,89
59,89
60,89
73,89
194,89
1,92
2,92
4,92
10,92
13,92
26,92
32,92
36,92
42,92
59,92
60,92
61,92
1,93
2,93
4,93
10,93
13,93
26,93
32,93
36,93
42,93
59,93
60,93
61,93
1,95
2,95
4,95
10,95
13,95
26,95
32,95
36,95
50,95
59,95
60,95
61,95
58,96
1,97
2,97
4,97
10,97
13,97
21,97
26,97
32,97
36,97
42,97
58,97
59,97
60,97
61,97
70,97
1,98
2,98
4,98
10,98
13,98
26,98
32,98
36,98
42,98
59,98
60,98
61,98
1,99
2,99
4,99
10,99
13,99
26,99
29,99
32,99
36,99
42,99
59,99
60,99
61,99
1,100
2,100
4,100
10,100
13,100
26,100
30,100
32,100
36,100
42,100
59,100
60,100
61,100
1,101
2,101
3,101
4,101
10,101
13,101
26,101
32,101
36,101
42,101
59,101
60,101
61,101
1,102
2,102
4,102
10,102
13,102
26,102
32,102
36,102
42,102
52,102
59,102
60,102
61,102
69,102
1,103
2,103
4,103
10,103
13,103
26,103
32,103
36,103
42,103
59,103
60,103
61,103
63,103
1,104
2,104
4,104
10,104
13,104
21,104
26,104
32,104
36,104
42,104
59,104
60,104
61,104
62,104
64,104
70,104
1,105
2,105
4,105
10,105
13,105
26,105
32,105
36,105
42,105
59,105
60,105
61,105
66,105
1,106
2,106
4,106
10,106
13,106
21,106
26,106
32,106
36,106
42,106
59,106
60,106
61,106
67,106
69,106
1,107
2,107
4,107
10,107
13,107
21,107
26,107
32,107
36,107
42,107
59,107
60,107
61,107
68,107
70,107
1,110
2,110
4,110
10,110
13,110
26,110
32,110
36,110
42,110
59,110
60,110
61,110
75,110
77,110
98,110
123,110
130,110
133,110
139,110
140,110
142,110
1,112
2,112
4,112
10,112
13,112
26,112
32,112
36,112
42,112
59,112
60,112
61,112
73,112
75,112
77,112
98,112
123,112
130,112
133,112
139,112
140,112
142,112
147,112
1,113
2,113
4,113
10,113
13,113
21,113
26,113
32,113
36,113
42,113
50,113
59,113
60,113
61,113
70,113
65,114
1,115
2,115
3,115
4,115
10,115
13,115
16,115
21,115
26,115
32,115
36,115
42,115
50,115
59,115
60,115
61,115
70,115
1,116
2,116
4,116
10,116
13,116
21,116
26,116
32,116
36,116
42,116
59,116
60,116
61,116
70,116
71,116
1,117
2,117
4,117
10,117
13,117
21,117
26,117
32,117
36,117
42,117
59,117
60,117
61,117
70,117
71,117
1,118
2,118
4,118
10,118
13,118
21,118
26,118
32,118
36,118
42,118
59,118
60,118
61,118
70,118
1,119
2,119
4,119
10,119
13,119
21,119
26,119
32,119
36,119
42,119
59,119
60,119
61,119
70,119
1,120
2,120
4,120
10,120
13,120
21,120
26,120
32,120
36,120
42,120
59,120
60,120
61,120
70,120
1,121
2,121
4,121
10,121
13,121
21,121
26,121
32,121
36,121
42,121
59,121
60,121
61,121
70,121
1,122
2,122
4,122
10,122
13,122
21,122
26,122
32,122
36,122
42,122
59,122
60,122
61,122
70,122
72,122
1,123
2,123
4,123
10,123
13,123
21,123
26,123
30,123
32,123
36,123
42,123
59,123
60,123
61,123
70,123
72,123
1,124
2,124
4,124
10,124
13,124
21,124
26,124
32,124
36,124
42,124
59,124
60,124
61,124
69,124
70,124
1,125
2,125
4,125
10,125
13,125
21,125
26,125
32,125
36,125
42,125
59,125
60,125
61,125
70,125
1,126
2,126
4,126
10,126
13,126
21,126
26,126
32,126
36,126
42,126
59,126
60,126
61,126
70,126
1,127
2,127
4,127
10,127
13,127
21,127
26,127
32,127
34,127
36,127
42,127
59,127
60,127
61,127
70,127
1,128
2,128
4,128
10,128
13,128
21,128
26,128
32,128
36,128
42,128
43,128
59,128
60,128
61,128
70,128
1,129
2,129
4,129
10,129
13,129
21,129
26,129
32,129
34,129
36,129
42,129
59,129
60,129
61,129
70,129
73,129
1,130
2,130
4,130
10,130
13,130
21,130
26,130
32,130
36,130
42,130
59,130
60,130
61,130
70,130
73,130
71,131
1,132
2,132
4,132
10,132
13,132
26,132
32,132
36,132
42,132
52,132
59,132
60,132
61,132
70,132
74,132
75,132
77,132
1,133
2,133
4,133
10,133
13,133
26,133
32,133
36,133
42,133
59,133
60,133
61,133
70,133
71,133
74,133
75,133
77,133
50,134
72,134
1,135
2,135
4,135
10,135
13,135
21,135
26,135
32,135
36,135
42,135
59,135
60,135
61,135
70,135
72,135
74,135
1,136
2,136
4,136
10,136
13,136
26,136
32,136
36,136
42,136
59,136
60,136
61,136
70,136
74,136
75,136
77,136
1,137
2,137
4,137
10,137
13,137
26,137
32,137
36,137
42,137
52,137
59,137
60,137
61,137
70,137
74,137
75,137
77,137
1,138
2,138
4,138
10,138
13,138
26,138
32,138
36,138
42,138
59,138
60,138
61,138
70,138
71,138
74,138
75,138
77,138
1,139
2,139
4,139
10,139
13,139
26,139
32,139
36,139
42,139
59,139
60,139
61,139
69,139
70,139
74,139
75,139
77,139
1,140
2,140
4,140
10,140
13,140
26,140
32,140
36,140
42,140
59,140
60,140
61,140
69,140
70,140
74,140
75,140
77,140
1,141
2,141
4,141
10,141
13,141
26,141
32,141
36,141
42,141
59,141
60,141
61,141
70,141
74,141
75,141
77,141
80,141
1,142
2,142
4,142
10,142
13,142
16,142
26,142
32,142
36,142
42,142
59,142
60,142
61,142
70,142
74,142
75,142
77,142
1,143
2,143
4,143
10,143
13,143
26,143
32,143
36,143
42,143
59,143
60,143
61,143
70,143
73,143
74,143
75,143
77,143
78,143
98,143
104,143
123,143
130,143
133,143
139,143
140,143
142,143
79,144
1,146
2,146
4,146
10,146
13,146
26,146
32,146
36,146
42,146
59,146
60,146
61,146
70,146
74,146
75,146
77,146
1,149
2,149
4,149
10,149
13,149
26,149
32,149
34,149
36,149
42,149
59,149
60,149
61,149
70,149
74,149
75,149
77,149
1,150
2,150
4,150
10,150
13,150
26,150
32,150
36,150
42,150
59,150
60,150
61,150
70,150
74,150
75,150
77,150
1,151
2,151
4,151
10,151
13,151
26,151
32,151
36,151
42,151
59,151
60,151
61,151
70,151
74,151
75,151
77,151
1,152
2,152
4,152
10,152
13,152
26,152
32,152
36,152
42,152
59,152
60,152
61,152
70,152
73,152
74,152
75,152
77,152
1,153
2,153
4,153
10,153
13,153
26,153
32,153
36,153
42,153
50,153
59,153
60,153
61,153
70,153
74,153
75,153
77,153
1,154
2,154
4,154
10,154
13,154
26,154
32,154
36,154
42,154
59,154
60,154
61,154
70,154
74,154
75,154
77,154
34,155
1,157
2,157
4,157
10,157
13,157
26,157
32,157
36,157
42,157
59,157
60,157
61,157
70,157
74,157
75,157
77,157
81,157
1,158
2,158
4,158
10,158
13,158
26,158
32,158
36,158
42,158
50,158
59,158
60,158
61,158
70,158
74,158
75,158
77,158
98,158
123,158
130,158
133,158
139,158
140,158
142,158
1,159
2,159
4,159
10,159
13,159
26,159
32,159
36,159
42,159
59,159
60,159
61,159
70,159
74,159
75,159
77,159
52,164
52,165
79,166
1,167
2,167
4,167
10,167
13,167
26,167
32,167
36,167
42,167
59,167
60,167
61,167
70,167
74,167
75,167
77,167
1,168
2,168
4,168
10,168
13,168
26,168
32,168
36,168
42,168
59,168
60,168
61,168
70,168
74,168
75,168
77,168
78,168
1,170
2,170
4,170
10,170
13,170
26,170
32,170
36,170
42,170
59,170
60,170
61,170
70,170
74,170
75,170
77,170
1,171
2,171
4,171
10,171
13,171
26,171
32,171
36,171
42,171
59,171
60,171
61,171
70,171
72,171
74,171
75,171
77,171
1,172
2,172
4,172
10,172
13,172
26,172
32,172
36,172
42,172
59,172
60,172
61,172
70,172
74,172
75,172
77,172
1,173
2,173
4,173
10,173
13,173
26,173
32,173
36,173
42,173
59,173
60,173
61,173
70,173
72,173
74,173
75,173
77,173
1,174
2,174
4,174
10,174
13,174
26,174
32,174
36,174
42,174
59,174
60,174
61,174
70,174
74,174
75,174
77,174
69,175
69,177
69,178
79,179
1,180
2,180
4,180
10,180
13,180
26,180
32,180
36,180
42,180
59,180
60,180
61,180
70,180
74,180
75,180
77,180
83,180
1,181
2,181
4,181
10,181
13,181
26,181
32,181
36,181
42,181
59,181
60,181
61,181
70,181
74,181
75,181
77,181
83,181
1,182
2,182
4,182
10,182
13,182
26,182
32,182
36,182
42,182
59,182
60,182
61,182
70,182
74,182
75,182
77,182
84,182
1,183
2,183
4,183
10,183
13,183
26,183
32,183
36,183
42,183
59,183
60,183
61,183
70,183
74,183
75,183
77,183
85,183
1,184
2,184
4,184
10,184
13,184
26,184
32,184
36,184
42,184
59,184
60,184
61,184
70,184
74,184
75,184
77,184
85,184
1,185
2,185
4,185
10,185
13,185
26,185
32,185
36,185
42,185
50,185
59,185
60,185
61,185
70,185
74,185
75,185
77,185
52,187
1,188
2,188
4,188
10,188
13,188
26,188
32,188
36,188
42,188
59,188
60,188
61,188
70,188
74,188
75,188
77,188
78,188
1,189
2,189
4,189
10,189
13,189
26,189
32,189
36,189
42,189
50,189
59,189
60,189
61,189
70,189
74,189
75,189
77,189
87,189
88,189
1,190
2,190
4,190
10,190
13,190
26,190
32,190
36,190
42,190
50,190
59,190
60,190
61,190
70,190
74,190
75,190
77,190
87,190
1,191
2,191
4,191
10,191
13,191
26,191
32,191
36,191
42,191
59,191
60,191
61,191
70,191
74,191
75,191
77,191
87,191
43,193
1,194
2,194
4,194
10,194
13,194
26,194
32,194
36,194
42,194
50,194
59,194
60,194
61,194
70,194
74,194
75,194
77,194
87,194
96,194
98,194
100,194
104,194
123,194
126,194
1,195
2,195
4,195
10,195
13,195
26,195
32,195
36,195
42,195
59,195
60,195
61,195
70,195
72,195
74,195
75,195
77,195
87,195
97,195
106,195
1,196
2,196
4,196
10,196
13,196
26,196
32,196
36,196
42,196
59,196
60,196
61,196
70,196
74,196
75,196
77,196
86,196
87,196
69,197
1,198
2,198
4,198
10,198
13,198
26,198
32,198
36,198
42,198
59,198
60,198
61,198
70,198
74,198
75,198
77,198
78,198
1,199
2,199
4,199
10,199
13,199
26,199
32,199
36,199
42,199
59,199
60,199
61,199
70,199
74,199
75,199
77,199
89,199
1,201
2,201
4,201
10,201
13,201
26,201
32,201
36,201
42,201
59,201
60,201
61,201
69,201
70,201
74,201
75,201
77,201
96,201
1,202
2,202
4,202
10,202
13,202
26,202
32,202
36,202
42,202
59,202
60,202
61,202
70,202
74,202
75,202
77,202
80,202
1,203
2,203
4,203
10,203
13,203
26,203
32,203
34,203
36,203
42,203
59,203
60,203
61,203
70,203
74,203
75,203
77,203
1,204
2,204
4,204
10,204
13,204
26,204
32,204
36,204
42,204
59,204
60,204
61,204
70,204
74,204
75,204
77,204
1,205
2,205
4,205
10,205
13,205
26,205
32,205
36,205
42,205
59,205
60,205
61,205
70,205
74,205
75,205
77,205
85,205
1,206
2,206
4,206
10,206
13,206
26,206
32,206
36,206
42,206
59,206
60,206
61,206
62,206
70,206
74,206
75,206
77,206
85,207
1,208
2,208
4,208
10,208
13,208
26,208
32,208
36,208
42,208
59,208
60,208
61,208
70,208
74,208
75,208
77,208
90,208
94,208
96,208
1,209
2,209
4,209
10,209
13,209
26,209
32,209
36,209
42,209
59,209
60,209
61,209
70,209
74,209
75,209
77,209
91,209
94,209
96,209
1,210
2,210
4,210
10,210
13,210
26,210
32,210
36,210
42,210
59,210
60,210
61,210
70,210
74,210
75,210
77,210
93,210
94,210
96,210
1,211
2,211
4,211
10,211
13,211
26,211
32,211
36,211
42,211
59,211
60,211
61,211
63,211
70,211
74,211
75,211
77,211
96,211
1,213
2,213
3,213
4,213
10,213
13,213
26,213
32,213
36,213
42,213
59,213
60,213
61,213
70,213
74,213
75,213
77,213
96,213
1,214
2,214
3,214
4,214
10,214
13,214
26,214
32,214
36,214
42,214
59,214
60,214
61,214
70,214
74,214
75,214
77,214
96,214
1,215
2,215
3,215
4,215
10,215
13,215
26,215
32,215
36,215
42,215
59,215
60,215
61,215
70,215
74,215
75,215
77,215
96,215
1,216
2,216
4,216
10,216
13,216
26,216
32,216
36,216
42,216
59,216
60,216
61,216
70,216
72,216
74,216
75,216
77,216
90,216
96,216
1,217
2,217
4,217
10,217
13,217
26,217
32,217
36,217
42,217
59,217
60,217
61,217
70,217
74,217
75,217
77,217
94,217
96,217
98,217
1,218
2,218
4,218
10,218
13,218
26,218
32,218
36,218
40,218
42,218
50,218
59,218
60,218
61,218
70,218
74,218
75,218
77,218
87,218
90,218
94,218
95,218
96,218
98,218
99,218
100,218
102,218
103,218
106,218
116,218
117,218
118,218
119,218
120,218
124,218
1,219
2,219
4,219
10,219
13,219
26,219
32,219
36,219
42,219
50,219
59,219
60,219
61,219
75,219
77,219
98,219
123,219
130,219
133,219
139,219
140,219
142,219
89,220
89,221
1,222
2,222
4,222
10,222
13,222
26,222
32,222
36,222
42,222
59,222
60,222
61,222
70,222
74,222
75,222
77,222
83,222
96,222
97,222
98,222
100,222
104,222
123,222
1,223
2,223
4,223
10,223
13,223
26,223
32,223
36,223
42,223
59,223
60,223
61,223
70,223
74,223
75,223
77,223
95,223
96,223
98,223
1,224
2,224
4,224
10,224
13,224
26,224
32,224
36,224
42,224
59,224
60,224
61,224
70,224
74,224
75,224
77,224
96,224
97,224
98,224
94,225
94,226
79,227
1,228
2,228
4,228
10,228
13,228
26,228
32,228
36,228
42,228
59,228
60,228
61,228
70,228
74,228
75,228
77,228
96,228
98,228
100,228
101,228
104,228
123,228
1,229
2,229
4,229
10,229
13,229
26,229
32,229
36,229
42,229
59,229
60,229
61,229
70,229
74,229
75,229
77,229
96,229
98,229
100,229
101,229
104,229
123,229
94,230
1,232
2,232
4,232
10,232
13,232
26,232
32,232
36,232
42,232
59,232
60,232
61,232
70,232
74,232
75,232
77,232
96,232
98,232
104,232
123,232
130,232
133,232
139,232
140,232
142,232
1,233
2,233
4,233
10,233
13,233
26,233
32,233
36,233
42,233
59,233
60,233
61,233
70,233
74,233
75,233
77,233
96,233
98,233
104,233
137,233
143,233
146,233
147,233
151,233
322,233
1,234
2,234
4,234
10,234
13,234
26,234
32,234
36,234
42,234
59,234
60,234
61,234
70,234
74,234
75,234
77,234
96,234
98,234
99,234
104,234
106,234
1,235
2,235
4,235
10,235
13,235
26,235
32,235
36,235
42,235
59,235
60,235
61,235
75,235
77,235
98,235
102,235
103,235
116,235
117,235
118,235
119,235
120,235
123,235
124,235
130,235
133,235
139,235
140,235
142,235
145,235
1,236
2,236
4,236
10,236
13,236
26,236
32,236
36,236
42,236
50,236
59,236
60,236
61,236
75,236
77,236
87,236
96,236
98,236
99,236
104,236
141,236
1,238
2,238
4,238
10,238
13,238
26,238
32,238
36,238
42,238
59,238
60,238
61,238
75,238
77,238
96,238
98,238
99,238
104,238
85,239
106,240
106,241
1,242
2,242
4,242
10,242
13,242
26,242
32,242
36,242
42,242
59,242
60,242
61,242
75,242
77,242
80,242
96,242
98,242
100,242
104,242
123,242
1,243
2,243
4,243
10,243
13,243
26,243
32,243
36,243
42,243
59,243
60,243
61,243
75,243
77,243
96,243
98,243
100,243
104,243
122,243
123,243
1,244
2,244
4,244
10,244
13,244
26,244
32,244
36,244
42,244
59,244
60,244
61,244
75,244
77,244
96,244
98,244
100,244
104,244
122,244
123,244
52,245
84,246
1,247
2,247
4,247
10,247
13,247
26,247
32,247
36,247
42,247
59,247
60,247
61,247
75,247
77,247
83,247
96,247
98,247
100,247
104,247
123,247
1,248
2,248
4,248
10,248
13,248
26,248
32,248
36,248
42,248
59,248
60,248
61,248
75,248
77,248
96,248
98,248
100,248
104,248
123,248
1,249
2,249
4,249
10,249
13,249
26,249
32,249
34,249
36,249
42,249
59,249
60,249
61,249
75,249
77,249
96,249
98,249
100,249
104,249
123,249
1,250
2,250
4,250
10,250
13,250
26,250
32,250
34,250
36,250
42,250
59,250
60,250
61,250
75,250
77,250
96,250
98,250
100,250
104,250
123,250
94,254
84,255
85,256
85,257
101,258
101,259
1,261
2,261
4,261
10,261
13,261
26,261
32,261
36,261
42,261
59,261
60,261
61,261
72,261
75,261
77,261
96,261
98,261
100,261
104,261
123,261
126,261
1,262
2,262
4,262
10,262
13,262
26,262
32,262
36,262
42,262
59,262
60,262
61,262
72,262
75,262
77,262
96,262
98,262
100,262
104,262
123,262
126,262
97,263
97,264
84,265
1,267
2,267
4,267
10,267
13,267
26,267
32,267
36,267
42,267
59,267
60,267
61,267
75,267
77,267
96,267
98,267
99,267
100,267
104,267
123,267
126,267
130,267
133,267
139,267
140,267
142,267
52,268
1,269
2,269
4,269
10,269
13,269
26,269
32,269
36,269
42,269
59,269
60,269
61,269
75,269
77,269
94,269
98,269
123,269
130,269
133,269
139,269
140,269
142,269
95,270
95,271
1,272
2,272
4,272
10,272
13,272
26,272
32,272
36,272
42,272
59,272
60,272
61,272
75,272
77,272
93,272
96,272
98,272
100,272
104,272
123,272
126,272
127,272
72,275
72,276
1,277
2,277
4,277
10,277
13,277
26,277
32,277
36,277
42,277
59,277
60,277
61,277
75,277
77,277
87,277
96,277
98,277
100,277
104,277
106,277
123,277
126,277
130,277
97,278
1,279
2,279
4,279
10,279
13,279
26,279
32,279
36,279
42,279
59,279
60,279
61,279
75,279
77,279
95,279
96,279
98,279
100,279
104,279
123,279
126,279
130,279
133,279
139,279
140,279
142,279
145,279
1,280
2,280
4,280
10,280
13,280
26,280
32,280
36,280
42,280
59,280
60,280
61,280
75,280
77,280
94,280
96,280
97,280
98,280
100,280
104,280
123,280
126,280
130,280
69,281
29,282
1,283
2,283
4,283
10,283
13,283
26,283
32,283
36,283
42,283
59,283
60,283
61,283
75,283
77,283
79,283
96,283
98,283
100,283
104,283
123,283
126,283
130,283
101,284
1,285
2,285
4,285
10,285
13,285
26,285
32,285
36,285
42,285
59,285
60,285
61,285
75,285
77,285
98,285
123,285
130,285
133,285
139,285
140,285
142,285
1,286
2,286
4,286
10,286
13,286
26,286
32,286
34,286
36,286
42,286
59,286
60,286
61,286
75,286
77,286
96,286
98,286
100,286
104,286
123,286
126,286
130,286
1,287
2,287
4,287
10,287
13,287
26,287
32,287
36,287
42,287
50,287
59,287
60,287
61,287
75,287
77,287
96,287
98,287
99,287
100,287
104,287
123,287
126,287
130,287
133,287
134,287
139,287
140,287
142,287
1,289
2,289
4,289
10,289
13,289
26,289
32,289
36,289
42,289
59,289
60,289
61,289
75,289
77,289
96,289
98,289
100,289
104,289
123,289
126,289
130,289
1,290
2,290
4,290
10,290
13,290
26,290
32,290
36,290
42,290
59,290
60,290
61,290
75,290
77,290
96,290
98,290
100,290
104,290
123,290
126,290
130,290
95,291
1,292
2,292
4,292
10,292
13,292
26,292
30,292
32,292
36,292
42,292
59,292
60,292
61,292
75,292
77,292
96,292
98,292
100,292
104,292
123,292
126,292
130,292
78,293
1,294
2,294
4,294
10,294
13,294
26,294
32,294
36,294
42,294
59,294
60,294
61,294
75,294
77,294
96,294
98,294
100,294
104,294
123,294
126,294
130,294
1,295
2,295
4,295
10,295
13,295
26,295
32,295
36,295
42,295
59,295
60,295
61,295
75,295
77,295
96,295
98,295
100,295
104,295
123,295
126,295
130,295
1,296
2,296
4,296
10,296
13,296
26,296
32,296
34,296
36,296
42,296
59,296
60,296
61,296
75,296
77,296
96,296
98,296
100,296
104,296
123,296
126,296
130,296
1,297
2,297
4,297
10,297
13,297
26,297
32,297
34,297
36,297
42,297
59,297
60,297
61,297
75,297
77,297
96,297
98,297
100,297
104,297
123,297
126,297
130,297
1,298
2,298
4,298
10,298
13,298
26,298
32,298
36,298
42,298
59,298
60,298
61,298
75,298
77,298
96,298
98,298
100,298
104,298
106,298
123,298
126,298
130,298
1,299
2,299
4,299
10,299
13,299
26,299
32,299
36,299
42,299
59,299
60,299
61,299
75,299
77,299
87,299
96,299
98,299
100,299
104,299
106,299
123,299
126,299
130,299
132,299
134,299
135,299
137,299
138,299
1,301
2,301
4,301
10,301
13,301
26,301
32,301
36,301
42,301
59,301
60,301
61,301
75,301
77,301
96,301
98,301
100,301
104,301
123,301
126,301
130,301
78,302
151,302
1,303
2,303
4,303
10,303
13,303
26,303
32,303
36,303
42,303
59,303
60,303
61,303
75,303
77,303
96,303
98,303
100,303
104,303
123,303
126,303
130,303
1,304
2,304
4,304
10,304
13,304
26,304
30,304
32,304
36,304
42,304
59,304
60,304
61,304
75,304
77,304
96,304
98,304
100,304
104,304
123,304
126,304
130,304
1,305
2,305
4,305
10,305
13,305
26,305
32,305
36,305
42,305
52,305
59,305
60,305
61,305
75,305
77,305
96,305
98,305
100,305
104,305
123,305
126,305
130,305
1,306
2,306
4,306
10,306
13,306
26,306
32,306
36,306
42,306
52,306
59,306
60,306
61,306
75,306
77,306
96,306
98,306
100,306
104,306
123,306
126,306
130,306
1,307
2,307
4,307
10,307
13,307
26,307
32,307
36,307
42,307
52,307
59,307
60,307
61,307
75,307
77,307
96,307
98,307
100,307
104,307
123,307
126,307
130,307
1,308
2,308
4,308
10,308
13,308
26,308
32,308
36,308
42,308
52,308
59,308
60,308
61,308
75,308
77,308
96,308
98,308
100,308
104,308
123,308
126,308
130,308
1,309
2,309
3,309
4,309
10,309
13,309
26,309
32,309
36,309
42,309
59,309
60,309
61,309
75,309
77,309
96,309
98,309
100,309
104,309
123,309
126,309
130,309
1,310
2,310
4,310
10,310
13,310
26,310
32,310
36,310
42,310
59,310
60,310
61,310
75,310
77,310
89,310
96,310
98,310
100,310
104,310
123,310
126,310
130,310
1,311
2,311
4,311
10,311
13,311
26,311
32,311
36,311
42,311
59,311
60,311
61,311
69,311
75,311
77,311
96,311
98,311
100,311
104,311
123,311
126,311
130,311
1,312
2,312
4,312
10,312
13,312
26,312
32,312
36,312
42,312
59,312
60,312
61,312
69,312
75,312
77,312
96,312
98,312
100,312
104,312
123,312
126,312
130,312
1,313
2,313
4,313
10,313
13,313
26,313
32,313
36,313
42,313
59,313
60,313
61,313
75,313
77,313
78,313
96,313
98,313
100,313
104,313
123,313
126,313
130,313
1,314
2,314
4,314
10,314
13,314
26,314
32,314
36,314
42,314
59,314
60,314
61,314
75,314
77,314
96,314
98,314
100,314
104,314
123,314
126,314
130,314
1,315
2,315
4,315
10,315
13,315
26,315
32,315
36,315
42,315
59,315
60,315
61,315
72,315
75,315
77,315
95,315
96,315
98,315
100,315
104,315
123,315
126,315
130,315
1,316
2,316
4,316
10,316
13,316
26,316
32,316
36,316
42,316
59,316
60,316
61,316
63,316
75,316
77,316
96,316
98,316
100,316
104,316
123,316
126,316
130,316
1,317
2,317
4,317
10,317
13,317
26,317
32,317
36,317
42,317
59,317
60,317
61,317
63,317
75,317
77,317
96,317
98,317
100,317
104,317
123,317
126,317
130,317
1,318
2,318
4,318
10,318
13,318
26,318
32,318
36,318
42,318
59,318
60,318
61,318
75,318
77,318
96,318
98,318
100,318
104,318
122,318
123,318
126,318
130,318
1,319
2,319
4,319
10,319
13,319
26,319
32,319
36,319
42,319
59,319
60,319
61,319
75,319
77,319
80,319
96,319
98,319
100,319
104,319
123,319
126,319
130,319
1,320
2,320
4,320
10,320
13,320
26,320
32,320
36,320
42,320
59,320
60,320
61,320
75,320
77,320
80,320
96,320
98,320
100,320
104,320
123,320
126,320
130,320
1,321
2,321
4,321
10,321
13,321
26,321
32,321
36,321
42,321
59,321
60,321
61,321
75,321
77,321
83,321
96,321
98,321
100,321
104,321
123,321
126,321
130,321
1,322
2,322
4,322
10,322
13,322
26,322
32,322
36,322
42,322
59,322
60,322
61,322
75,322
77,322
85,322
96,322
98,322
100,322
104,322
123,322
126,322
130,322
131,322
1,323
2,323
4,323
10,323
13,323
26,323
32,323
36,323
42,323
59,323
60,323
61,323
75,323
77,323
85,323
96,323
98,323
100,323
104,323
123,323
126,323
130,323
1,324
2,324
4,324
10,324
13,324
26,324
32,324
34,324
36,324
42,324
59,324
60,324
61,324
75,324
77,324
84,324
96,324
98,324
100,324
104,324
123,324
126,324
130,324
1,325
2,325
4,325
10,325
13,325
26,325
32,325
36,325
42,325
59,325
60,325
61,325
75,325
77,325
96,325
97,325
98,325
100,325
102,325
104,325
120,325
123,325
124,325
126,325
130,325
69,326
1,328
2,328
4,328
10,328
13,328
26,328
32,328
36,328
42,328
59,328
60,328
61,328
75,328
77,328
87,328
96,328
98,328
100,328
104,328
123,328
126,328
130,328
79,329
30,330
30,331
30,332
1,333
2,333
4,333
10,333
13,333
26,333
32,333
36,333
42,333
59,333
60,333
61,333
75,333
77,333
95,333
96,333
98,333
100,333
104,333
123,333
126,333
130,333
1,334
2,334
4,334
10,334
13,334
26,334
32,334
36,334
42,334
59,334
60,334
61,334
75,334
77,334
96,334
98,334
100,334
104,334
106,334
123,334
126,334
130,334
137,334
1,335
2,335
4,335
10,335
13,335
26,335
32,335
36,335
42,335
59,335
60,335
61,335
75,335
77,335
96,335
97,335
98,335
100,335
104,335
123,335
126,335
130,335
1,336
2,336
4,336
10,336
13,336
26,336
32,336
36,336
42,336
59,336
60,336
61,336
75,336
77,336
96,336
97,336
98,336
100,336
102,336
104,336
106,336
120,336
123,336
124,336
126,336
130,336
133,336
78,337
1,339
2,339
4,339
10,339
13,339
26,339
32,339
36,339
42,339
59,339
60,339
61,339
75,339
77,339
96,339
98,339
100,339
104,339
122,339
123,339
126,339
130,339
1,340
2,340
4,340
10,340
13,340
26,340
32,340
36,340
42,340
59,340
60,340
61,340
75,340
77,340
87,340
96,340
97,340
98,340
100,340
104,340
106,340
123,340
126,340
130,340
1,341
2,341
4,341
10,341
13,341
26,341
32,341
34,341
36,341
42,341
59,341
60,341
61,341
75,341
77,341
96,341
97,341
98,341
100,341
104,341
123,341
126,341
130,341
1,342
2,342
4,342
10,342
13,342
26,342
32,342
36,342
42,342
59,342
60,342
61,342
75,342
77,342
85,342
96,342
97,342
98,342
100,342
104,342
123,342
126,342
130,342
131,342
1,343
2,343
4,343
10,343
13,343
26,343
32,343
36,343
42,343
59,343
60,343
61,343
75,343
77,343
79,343
96,343
97,343
98,343
100,343
104,343
123,343
126,343
130,343
1,344
2,344
4,344
10,344
13,344
26,344
32,344
36,344
42,344
59,344
60,344
61,344
75,344
77,344
87,344
96,344
97,344
98,344
100,344
102,344
104,344
120,344
123,344
124,344
126,344
130,344
133,344
139,344
140,344
141,344
142,344
145,344
151,344
1,345
2,345
4,345
10,345
13,345
26,345
32,345
36,345
42,345
59,345
60,345
61,345
75,345
77,345
96,345
97,345
98,345
100,345
102,345
104,345
120,345
123,345
124,345
126,345
130,345
1,346
2,346
4,346
10,346
13,346
26,346
32,346
36,346
42,346
59,346
60,346
61,346
75,346
77,346
96,346
97,346
98,346
100,346
102,346
104,346
120,346
123,346
124,346
126,346
130,346
1,347
2,347
4,347
10,347
13,347
26,347
32,347
36,347
42,347
59,347
60,347
61,347
75,347
77,347
85,347
96,347
97,347
98,347
100,347
104,347
123,347
126,347
130,347
131,347
1,348
2,348
4,348
10,348
13,348
26,348
32,348
36,348
42,348
59,348
60,348
61,348
75,348
77,348
85,348
96,348
97,348
98,348
100,348
104,348
123,348
126,348
130,348
131,348
1,349
2,349
4,349
10,349
13,349
26,349
32,349
36,349
42,349
59,349
60,349
61,349
75,349
77,349
95,349
96,349
97,349
98,349
100,349
104,349
123,349
126,349
130,349
1,350
2,350
4,350
10,350
13,350
26,350
32,350
34,350
36,350
42,350
59,350
60,350
61,350
75,350
77,350
96,350
97,350
98,350
100,350
104,350
123,350
126,350
130,350
89,351
1,352
2,352
4,352
10,352
13,352
26,352
32,352
36,352
42,352
50,352
59,352
60,352
61,352
75,352
77,352
96,352
97,352
98,352
99,352
100,352
104,352
123,352
126,352
130,352
133,352
131,355
1,356
2,356
4,356
10,356
13,356
26,356
32,356
36,356
42,356
59,356
60,356
61,356
75,356
77,356
96,356
97,356
98,356
100,356
104,356
123,356
126,356
130,356
133,356
138,356
143,356
30,357
30,358
30,359
52,361
52,362
69,363
30,364
72,365
72,366
1,367
2,367
4,367
10,367
13,367
26,367
32,367
36,367
42,367
59,367
60,367
61,367
75,367
77,367
96,367
97,367
98,367
100,367
104,367
106,367
123,367
126,367
130,367
133,367
138,367
139,367
140,367
142,367
78,368
94,369
131,370
52,371
69,372
30,373
1,374
2,374
4,374
10,374
13,374
26,374
32,374
36,374
42,374
50,374
59,374
60,374
61,374
75,374
77,374
96,374
97,374
98,374
99,374
100,374
104,374
123,374
126,374
130,374
133,374
135,374
139,374
140,374
142,374
95,375
1,376
2,376
4,376
10,376
13,376
26,376
32,376
36,376
42,376
59,376
60,376
61,376
75,376
77,376
83,376
98,376
123,376
130,376
133,376
139,376
140,376
142,376
1,377
2,377
4,377
10,377
13,377
26,377
32,377
36,377
42,377
59,377
60,377
61,377
75,377
77,377
96,377
97,377
98,377
100,377
104,377
123,377
126,377
130,377
131,377
133,377
139,377
140,377
142,377
1,378
2,378
4,378
10,378
13,378
26,378
32,378
36,378
42,378
59,378
60,378
61,378
75,378
77,378
96,378
97,378
98,378
100,378
104,378
123,378
126,378
130,378
133,378
139,378
1,379
2,379
4,379
10,379
13,379
26,379
32,379
36,379
42,379
59,379
60,379
61,379
75,379
77,379
96,379
97,379
98,379
100,379
104,379
123,379
126,379
130,379
133,379
139,379
1,382
2,382
4,382
10,382
13,382
26,382
32,382
36,382
42,382
59,382
60,382
61,382
75,382
77,382
96,382
97,382
98,382
100,382
104,382
123,382
126,382
130,382
133,382
139,382
95,384
89,387
30,388
136,388
131,389
52,394
52,395
72,396
72,397
52,398
1,401
2,401
4,401
10,401
13,401
26,401
32,401
36,401
42,401
59,401
60,401
61,401
75,401
77,401
98,401
123,401
130,401
133,401
139,401
140,401
142,401
1,402
2,402
4,402
10,402
13,402
26,402
32,402
36,402
42,402
59,402
60,402
61,402
75,402
77,402
98,402
123,402
130,402
133,402
139,402
140,402
142,402
1,404
2,404
4,404
10,404
13,404
26,404
32,404
36,404
42,404
59,404
60,404
61,404
75,404
77,404
98,404
123,404
130,404
133,404
139,404
140,404
142,404
1,405
2,405
4,405
10,405
13,405
26,405
32,405
36,405
42,405
59,405
60,405
61,405
75,405
77,405
98,405
123,405
130,405
133,405
139,405
140,405
142,405
1,406
2,406
4,406
10,406
13,406
26,406
32,406
36,406
42,406
59,406
60,406
61,406
75,406
77,406
98,406
123,406
130,406
133,406
139,406
140,406
142,406
194,406
1,407
2,407
4,407
10,407
13,407
26,407
32,407
36,407
42,407
59,407
60,407
61,407
75,407
77,407
98,407
123,407
130,407
133,407
139,407
140,407
142,407
136,408
1,409
2,409
4,409
10,409
13,409
26,409
32,409
36,409
42,409
59,409
60,409
61,409
75,409
77,409
87,409
98,409
106,409
123,409
130,409
132,409
133,409
138,409
139,409
140,409
142,409
143,409
145,409
146,409
1,411
2,411
4,411
10,411
13,411
26,411
32,411
36,411
42,411
59,411
60,411
61,411
75,411
77,411
98,411
123,411
130,411
133,411
139,411
140,411
142,411
136,412
131,413
72,414
34,415
34,416
78,417
1,418
2,418
4,418
10,418
13,418
26,418
32,418
36,418
42,418
59,418
60,418
61,418
75,418
77,418
98,418
123,418
130,418
133,418
139,418
140,418
141,418
142,418
145,418
147,418
132,419
132,420
132,421
1,422
2,422
4,422
10,422
13,422
26,422
32,422
36,422
42,422
59,422
60,422
61,422
75,422
77,422
87,422
98,422
123,422
130,422
133,422
139,422
140,422
142,422
143,422
146,422
147,422
1,423
2,423
4,423
10,423
13,423
26,423
32,423
36,423
42,423
50,423
59,423
60,423
61,423
75,423
77,423
98,423
123,423
130,423
133,423
136,423
137,423
139,423
140,423
142,423
191,423
94,424
94,425
94,426
52,427
72,429
1,430
2,430
4,430
10,430
13,430
26,430
32,430
36,430
42,430
59,430
60,430
61,430
75,430
77,430
98,430
123,430
130,430
133,430
139,430
140,430
142,430
1,431
2,431
4,431
10,431
13,431
26,431
32,431
36,431
42,431
50,431
59,431
60,431
61,431
75,431
77,431
87,431
98,431
123,431
130,431
133,431
139,431
140,431
142,431
1,432
2,432
4,432
10,432
13,432
26,432
32,432
36,432
42,432
59,432
60,432
61,432
75,432
77,432
98,432
123,432
130,432
133,432
139,432
140,432
142,432
143,432
1,433
2,433
4,433
10,433
13,433
26,433
32,433
36,433
42,433
59,433
60,433
61,433
75,433
77,433
87,433
98,433
123,433
130,433
133,433
139,433
140,433
142,433
146,433
1,434
2,434
4,434
10,434
13,434
26,434
32,434
36,434
42,434
59,434
60,434
61,434
75,434
77,434
98,434
123,434
130,434
133,434
139,434
140,434
142,434
148,434
1,435
2,435
4,435
10,435
13,435
26,435
32,435
36,435
42,435
59,435
60,435
61,435
75,435
77,435
80,435
98,435
123,435
130,435
133,435
139,435
140,435
142,435
136,436
136,437
83,438
85,439
85,440
63,442
93,443
122,444
131,445
94,446
1,447
2,447
4,447
10,447
13,447
26,447
32,447
36,447
42,447
59,447
60,447
61,447
75,447
77,447
98,447
123,447
130,447
133,447
139,447
140,447
142,447
72,448
95,449
1,450
2,450
4,450
10,450
13,450
26,450
32,450
36,450
42,450
59,450
60,450
61,450
75,450
77,450
98,450
123,450
130,450
133,450
139,450
140,450
142,450
1,451
2,451
4,451
10,451
13,451
26,451
32,451
36,451
42,451
59,451
60,451
61,451
75,451
77,451
98,451
123,451
130,451
133,451
139,451
140,451
142,451
1,452
2,452
4,452
10,452
13,452
26,452
32,452
36,452
42,452
59,452
60,452
61,452
75,452
77,452
85,452
98,452
123,452
130,452
133,452
139,452
140,452
142,452
1,453
2,453
4,453
10,453
13,453
26,453
32,453
36,453
42,453
59,453
60,453
61,453
75,453
77,453
95,453
98,453
123,453
130,453
133,453
139,453
140,453
142,453
1,454
2,454
4,454
10,454
13,454
26,454
32,454
36,454
42,454
59,454
60,454
61,454
75,454
77,454
98,454
123,454
130,454
133,454
139,454
140,454
142,454
1,455
2,455
4,455
10,455
13,455
26,455
32,455
34,455
36,455
42,455
59,455
60,455
61,455
75,455
77,455
98,455
123,455
130,455
133,455
139,455
140,455
142,455
147,455
106,456
147,456
194,456
322,456
1,457
2,457
4,457
10,457
13,457
26,457
32,457
36,457
42,457
59,457
60,457
61,457
75,457
77,457
98,457
123,457
130,457
133,457
139,457
140,457
142,457
3,459
78,460
148,461
148,462
1,464
2,464
4,464
10,464
13,464
26,464
32,464
36,464
42,464
59,464
60,464
61,464
75,464
77,464
98,464
123,464
130,464
133,464
139,464
140,464
142,464
1,465
2,465
4,465
10,465
13,465
26,465
32,465
36,465
42,465
59,465
60,465
61,465
75,465
77,465
98,465
123,465
130,465
133,465
139,465
140,465
142,465
1,467
2,467
4,467
10,467
13,467
26,467
32,467
36,467
42,467
59,467
60,467
61,467
75,467
77,467
98,467
123,467
130,467
133,467
139,467
140,467
142,467
1,468
2,468
4,468
10,468
13,468
26,468
32,468
36,468
42,468
59,468
60,468
61,468
75,468
77,468
98,468
123,468
130,468
133,468
139,468
140,468
142,468
145,468
1,469
2,469
4,469
10,469
13,469
26,469
32,469
36,469
42,469
59,469
60,469
61,469
75,469
77,469
98,469
123,469
130,469
133,469
139,469
140,469
142,469
1,470
2,470
4,470
10,470
13,470
26,470
32,470
36,470
42,470
52,470
59,470
60,470
61,470
75,470
77,470
98,470
123,470
130,470
133,470
139,470
140,470
142,470
1,471
2,471
4,471
10,471
13,471
26,471
32,471
34,471
36,471
42,471
50,471
59,471
60,471
61,471
75,471
77,471
98,471
123,471
130,471
133,471
139,471
140,471
141,471
142,471
145,471
147,471
151,471
161,471
166,471
179,471
1,472
2,472
4,472
10,472
13,472
26,472
32,472
36,472
42,472
59,472
60,472
61,472
75,472
77,472
98,472
121,472
123,472
130,472
133,472
139,472
140,472
142,472
145,472
147,472
151,472
150,473
199,473
1,474
2,474
4,474
10,474
13,474
26,474
32,474
36,474
42,474
59,474
60,474
61,474
75,474
77,474
98,474
123,474
130,474
133,474
139,474
140,474
142,474
145,474
147,474
1,475
2,475
4,475
10,475
13,475
26,475
32,475
36,475
42,475
59,475
60,475
61,475
75,475
77,475
98,475
123,475
130,475
133,475
139,475
140,475
142,475
145,475
147,475
87,476
146,476
34,477
34,478
138,479
136,483
69,484
69,485
69,486
34,487
95,489
95,490
34,492
78,493
95,494
95,495
95,496
95,497
148,498
148,499
148,500
52,501
52,502
72,503
72,504
72,505
89,506
89,507
156,509
160,509
34,510
34,511
34,512
34,513
34,514
94,515
94,516
94,517
94,518
94,519
151,519
143,520
50,522
138,522
50,524
143,524
138,526
99,528
135,528
87,530
141,530
143,530
89,531
148,533
94,534
143,538
95,539
136,541
50,542
166,543
154,545
166,549
163,550
146,552
156,554
78,555
78,556
78,557
146,558
150,559
199,559
85,560
160,560
34,561
85,562
138,563
146,563
156,566
146,571
85,576
85,578
150,580
199,580
69,584
136,587
157,591
105,592
146,592
87,600
87,603
136,607
150,608
199,608
34,609
69,612
69,613
160,614
161,616
162,616
163,616
78,617
166,622
63,623
166,624
167,625
167,626
99,628
135,628
143,628
172,632
163,633
172,633
3,636
50,637
105,637
146,637
176,637
105,639
138,639
143,639
146,639
162,639
171,639
173,639
85,640
80,642
122,643
178,645
163,646
50,647
136,647
174,647
176,647
136,648
174,648
136,649
174,649
136,650
174,650
166,651
181,651
150,652
157,652
160,652
199,652
34,653
85,654
87,654
163,654
146,655
162,655
163,655
176,655
185,655
322,655
175,656
93,657
85,666
163,667
143,668
143,676
69,678
78,679
34,681
69,682
180,684
181,684
93,685
93,688
162,689
185,689
161,690
161,691
162,691
176,691
183,691
185,691
175,693
87,694
161,694
179,694
183,694
185,694
138,696
163,696
171,696
34,697
87,698
138,698
143,698
194,698
217,698
193,699
196,699
173,700
184,700
187,700
185,701
87,702
105,702
161,702
163,702
183,702
184,702
185,702
194,702
218,702
80,706
122,707
136,708
180,709
50,710
105,710
136,710
174,710
176,710
161,714
63,715
183,716
185,716
194,716
202,716
322,716
87,717
184,717
185,717
187,717
194,717
186,718
87,720
179,720
183,720
185,720
78,721
69,722
138,724
171,724
173,724
191,724
143,725
143,726
173,727
191,727
192,728
181,729
87,730
179,730
183,730
185,730
50,733
105,733
136,733
174,733
176,733
173,734
191,734
180,735
185,735
162,736
176,736
185,736
99,737
180,737
163,738
171,738
185,738
187,738
194,738
185,739
87,740
191,741
162,742
185,742
87,743
105,743
163,743
171,743
187,743
194,743
183,744
185,746
198,746
161,747
162,747
163,747
171,747
185,747
187,747
161,748
163,748
3,749
167,751
186,752
196,753
34,757
34,758
34,759
157,760
160,760
181,761
34,763
179,764
199,765
122,766
87,767
105,767
171,767
187,767
200,769
183,770
80,771
196,772
157,773
160,773
160,774
160,775
163,776
69,777
157,778
196,778
157,779
160,779
194,782
160,783
87,784
171,784
187,784
194,784
203,785
202,786
194,787
173,788
194,788
199,790
105,791
134,791
185,791
191,791
197,791
198,791
209,791
212,791
213,791
63,793
187,794
50,796
174,796
176,796
202,796
203,796
196,798
3,799
87,800
99,800
105,800
163,800
171,800
173,800
187,800
191,800
194,800
34,801
157,801
163,801
181,801
171,802
194,802
50,803
206,804
194,806
129,807
194,808
202,809
174,810
99,811
105,812
212,812
229,812
206,813
191,814
209,814
335,814
155,816
191,819
205,826
34,827
157,827
181,827
157,828
34,829
34,830
209,831
209,832
167,833
167,834
186,835
186,836
200,837
200,838
199,839
99,840
185,841
191,841
209,841
217,841
218,842
216,845
216,846
157,847
63,848
194,849
69,850
219,853
182,854
34,855
202,856
173,857
194,857
223,859
219,861
199,864
209,865
185,866
191,866
220,867
231,867
247,867
260,867
185,868
221,869
216,871
174,872
194,873
34,875
34,876
34,877
157,878
173,879
185,879
215,879
225,879
232,879
237,879
227,880
268,880
102,881
191,881
194,881
223,881
228,881
229,881
235,881
99,882
191,882
194,882
223,882
229,882
230,882
234,882
235,882
238,882
241,882
185,883
233,883
239,883
246,883
238,885
99,886
234,887
194,888
235,888
241,889
242,889
243,889
245,889
247,891
235,892
253,892
266,892
191,893
99,894
185,894
191,894
194,894
235,894
246,894
253,895
34,897
221,897
255,897
209,898
254,899
186,900
186,901
258,902
247,903
259,905
259,906
236,907
194,908
256,908
263,908
274,908
63,909
3,911
69,912
186,913
257,914
216,915
275,916
174,917
235,918
242,918
249,918
268,919
234,920
264,923
264,924
219,925
270,926
278,928
235,929
254,929
266,929
272,929
224,930
237,930
264,930
173,931
215,931
225,931
287,931
232,932
237,932
262,933
286,933
298,933
272,934
194,935
235,935
249,935
271,936
221,937
34,938
288,938
303,938
155,941
257,942
277,942
186,943
199,943
216,943
276,943
235,944
249,944
280,944
99,945
269,945
275,946
239,947
185,949
272,949
311,949
278,950
292,950
266,951
249,952
280,952
290,952
254,953
272,953
293,953
247,954
289,954
259,956
3,957
251,959
252,959
282,959
69,961
199,961
276,961
284,961
279,962
287,962
279,963
292,963
291,964
247,965
262,965
269,965
299,965
99,966
194,966
274,966
291,966
69,967
199,967
276,967
284,967
63,968
219,969
301,970
234,971
174,972
174,973
294,974
292,975
254,976
272,976
292,976
34,977
271,977
275,977
296,977
303,977
306,977
318,977
272,978
278,978
266,980
290,980
236,1715
237,1716
231,1717
289,1717
286,1718
298,1718
102,1719
185,1719
194,1719
254,1719
259,1719
266,1719
272,1719
274,1719
293,1719
304,1719
305,1719
307,1719
311,1719
315,1719
316,1719
317,1719
320,1719
322,1719
326,1719
328,1719
331,1719
299,1720
313,1720
327,1720
332,1720
173,1721
232,1721
234,1721
239,1721
287,1721
292,1721
295,1723
314,1723
129,1726
309,1726
330,1726
194,1727
274,1728
295,1729
314,1729
237,1730
232,1731
254,1731
262,1731
274,1731
278,1731
292,1731
308,1731
284,1732
292,1732
129,1733
183,1733
194,1733
272,1733
321,1733
325,1733
308,1734
194,1736
274,1737
308,1741
311,1741
324,1741
272,1742
317,1742
325,1743
69,1744
199,1744
276,1744
284,1744
299,1745
327,1747
299,1748
63,1749
173,1749
234,1749
239,1749
287,1749
292,1749
129,1750
234,1750
329,1750
313,1751
332,1751
317,1752
328,1752
334,1753
298,1754
313,1755
332,1755
327,1756
329,1756
254,1757
259,1757
274,1757
307,1757
311,1757
316,1757
317,1757
322,1757
328,1757
174,1759
284,1759
292,1759
327,1760
129,1761
183,1761
194,1761
298,1761
321,1761
325,1761
336,1761
295,1762
3,1763
219,1764
301,1764
219,1765
301,1765
174,1766
237,1767
286,1768
271,1769
306,1769
34,1770
155,1770
275,1770
303,1771
295,1772
314,1773
63,1774
174,1775
173,1776
239,1776
234,1777
254,1777
259,1777
307,1777
316,1777
317,1777
322,1777
328,1777
259,1779
259,1780
317,1780
234,1781
316,1781
317,1781
328,1781
308,1782
328,1782
335,1782
271,1783
274,1783
276,1783
299,1783
311,1783
318,1783
328,1783
335,1783
173,1784
224,1784
316,1784
328,1784
272,1785
307,1785
316,1785
317,1785
328,1785
307,1786
316,1786
317,1786
328,1786
254,1787
272,1787
